36.366336633663366	89345
39.524752475247524	343865
38.227722772277225	157090
33.62376237623762	53646
39.039603960396036	239900
34.93069306930693	66964
39.24752475247525	274267
39.336633663366335	291713
39.82178217821782	506419
39.02970297029703	239055
39.7029702970297	413780
39.277227722772274	281772
38.851485148514854	213968
39.06930693069307	243774
39.881188118811885	519146
38.148514851485146	152531
39.92079207920792	561565
39.2970297029703	285509
39.01980198019802	235499
39.86138613861386	528492
34.257425742574256	59889
40.13861386138614	776923
39.51485148514851	345470
40.07920792079208	725599
27.138613861386137	11006
37.05940594059406	106759
40.148514851485146	972117
39.75247524752475	440574
39.43564356435643	319653
39.12871287128713	254738
40.17821782178218	772310
36.35643564356435	89229
39.78217821782178	473956
39.71287128712871	420170
40.31683168316832	1102844
39.65346534653465	399262
30.93069306930693	30773
35.396039603960396	73015
40.227722772277225	829330
40.06930693069307	747465
37.93069306930693	139997
36.04950495049505	83963
39.198019801980195	263818
36.67326732673267	96284
40.306930693069305	938051
40.26732673267327	849415
40.05940594059406	722778
40.35643564356435	1180145
39.257425742574256	280907
40.21782178217822	880042
39.693069306930695	429648
32.9009900990099	45767
40.10891089108911	850499
40.18811881188119	1029151
40.23762376237624	1340534
38.584158415841586	185307
40.039603960396036	657471
40.277227722772274	1097348
40.198019801980195	1160164
40.0	631266
39.00990099009901	232814
40.257425742574256	1044396
35.31683168316832	71797
39.742574257425744	439555
39.26732673267327	282305
39.663366336633665	390774
39.98019801980198	605960
38.7029702970297	198232
39.93069306930693	555186
37.613861386138616	125824
39.15841584158416	258313
36.51485148514851	92916
40.01980198019802	660831
38.32673267326733	164431
40.00990099009901	640779
38.98019801980198	230812
39.68316831683168	440829
37.51485148514851	122625
39.99009900990099	608631
37.75247524752475	131387
38.54455445544554	182048
39.87128712871287	539227
39.23762376237624	271157
31.405940594059405	34036
40.118811881188115	826963
32.73267326732673	44281
38.2970297029703	162534
35.23762376237624	70558
39.495049504950494	341565
39.91089108910891	570179
39.722772277227726	463191
39.59405940594059	383015
34.445544554455445	61928
39.84158415841584	484990
39.08910891089109	246746
29.287128712871286	20883
40.08910891089109	688108
39.73267326732673	467947
39.415841584158414	314747
40.02970297029703	667719
36.386138613861384	90114
34.92079207920792	66737
34.23762376237624	59457
26.386138613861387	8535
35.81188118811881	79560
37.12871287128713	108984
36.415841584158414	90787
39.772277227722775	502872
38.257425742574256	159229
37.9009900990099	138630
40.15841584158416	966212
39.603960396039604	383840
35.15841584158416	69608
34.554455445544555	62474
37.01980198019802	105380
39.07920792079208	246563
39.56435643564357	361248
35.95049504950495	81672
39.94059405940594	560985
38.21782178217822	156854
39.89108910891089	516067
39.0	232084
38.86138613861386	214133
39.504950495049506	345294
37.92079207920792	139165
33.663366336633665	55427
39.79207920792079	462300
38.34653465346535	166546
38.64356435643565	191244
38.960396039603964	226704
37.62376237623762	125603
28.643564356435643	17475
38.57425742574257	184902
36.07920792079208	83964
39.396039603960396	311842
37.89108910891089	138629
40.0990099009901	777650
37.495049504950494	121989
30.77227722772277	29665
34.97029702970297	67164
37.584158415841586	124227
38.306930693069305	163131
39.76237623762376	452758
28.475247524752476	16536
32.08910891089109	39098
34.35643564356435	60661
38.663366336633665	194462
38.633663366336634	189578
35.54455445544554	75717
27.217821782178216	11129
38.81188118811881	208347
38.40594059405941	170932
35.584158415841586	75628
40.12871287128713	752154
33.48514851485149	51759
39.21782178217822	272846
39.54455445544554	361362
34.21782178217822	58647
36.46534653465346	91846
33.28712871287129	49958
37.81188118811881	134876
37.0	104947
36.95049504950495	103682
36.198019801980195	86093
36.02970297029703	82823
39.81188118811881	495931
39.960396039603964	599005
39.851485148514854	499152
39.48514851485149	333639
38.91089108910891	219904
38.75247524752475	202811
33.0990099009901	48192
40.04950495049505	670567
38.78217821782178	206393
35.10891089108911	68831
38.336633663366335	165412
34.227722772277225	58234
38.9009900990099	220099
37.08910891089109	107671
35.84158415841584	79824
36.881188118811885	101696
34.148514851485146	60811
39.67326732673267	415001
37.82178217821782	134293
39.366336633663366	302130
32.56435643564357	42913
24.584158415841586	3817
39.97029702970297	599786
38.99009900990099	233245
38.396039603960396	170298
39.118811881188115	252947
37.13861386138614	108576
39.306930693069305	292045
36.2970297029703	87701
36.75247524752475	98956
36.84158415841584	100636
37.68316831683168	129050
33.59405940594059	52867
37.98019801980198	142965
39.801980198019805	463786
35.20792079207921	70190
36.97029702970297	104275
37.57425742574257	123820
38.693069306930695	196623
39.95049504950495	586811
36.504950495049506	92646
36.79207920792079	99607
33.37623762376238	51275
37.386138613861384	117223
37.35643564356435	115626
35.26732673267327	71669
37.78217821782178	132499
38.51485148514851	179855
39.46534653465346	328552
39.613861386138616	375726
36.08910891089109	84360
34.13861386138614	58777
38.42574257425743	172123
39.31683168316832	293199
37.118811881188115	107972
39.475247524752476	329794
30.712871287128714	29348
37.198019801980195	110364
36.59405940594059	94299
35.73267326732673	78047
36.633663366336634	95504
38.772277227722775	204186
35.336633663366335	72296
39.05940594059406	240439
35.91089108910891	81265
39.34653465346535	298395
30.425742574257427	27424
37.554455445544555	123786
38.742574257425744	202524
38.35643564356435	167328
37.06930693069307	106495
38.67326732673267	193883
37.722772277227726	130543
33.148514851485146	48459
35.45544554455446	73514
32.62376237623762	43747
39.16831683168317	262681
35.97029702970297	82388
31.96039603960396	38484
33.92079207920792	56124
30.861386138613863	30405
39.554455445544555	364263
37.277227722772274	113287
33.73267326732673	54055
30.762376237623762	29740
26.425742574257427	8827
25.81188118811881	6760
39.584158415841586	372347
38.039603960396036	146632
37.23762376237624	112182
39.386138613861384	305805
38.16831683168317	153595
38.95049504950495	226179
40.32673267326733	1498602
40.16831683168317	859072
38.79207920792079	208705
34.08910891089109	58199
35.75247524752475	79014
40.396039603960396	1117843
40.524752475247524	2510013
39.445544554455445	325612
40.663366336633665	41227045
37.87128712871287	136688
37.79207920792079	133329
29.435643564356436	21505
37.31683168316832	114501
40.28712871287129	1377216
37.02970297029703	105875
40.42574257425743	1631570
40.54455445544554	5864473
40.24752475247525	1181166
40.584158415841586	10571554
40.57425742574257	6789100
40.7029702970297	73021260
26.782178217821784	9771
36.01980198019802	82665
40.613861386138616	8245922
37.42574257425743	118422
40.53465346534654	5060797
40.603960396039604	701212
40.386138613861384	1301551
40.62376237623762	20348794
40.65346534653465	6102136
32.495049504950494	42482
38.76237623762376	203326
40.56435643564357	2167786
39.57425742574257	360247
40.336633663366335	1629327
40.40594059405941	1822041
40.415841584158414	2291011
40.495049504950494	3702142
35.57425742574257	75881
39.64356435643565	409306
40.2970297029703	1288979
31.06930693069307	31672
38.881188118811885	217837
32.02970297029703	38810
40.20792079207921	1000268
33.851485148514854	59525
40.554455445544555	69372
35.18811881188119	70316
36.10891089108911	84642
36.495049504950494	92541
35.554455445544555	75430
29.03960396039604	19515
32.584158415841586	43054
36.960396039603964	103782
34.84158415841584	65865
40.48514851485149	2379169
34.64356435643565	64169
34.277227722772274	59345
34.37623762376238	60565
40.504950495049506	3529017
35.46534653465346	74438
37.21782178217822	111286
37.99009900990099	142842
33.51485148514851	53135
28.287128712871286	15696
38.83168316831683	211497
36.99009900990099	104676
40.45544554455446	2806148
29.217821782178216	20201
38.524752475247524	180048
36.16831683168317	85819
38.445544554455445	174061
36.86138613861386	101239
30.752475247524753	29400
34.68316831683168	63951
38.31683168316832	163555
39.18811881188119	262462
28.168316831683168	15040
39.28712871287129	281558
34.86138613861386	65734
40.445544554455445	2102714
37.95049504950495	140535
39.37623762376238	303516
38.08910891089109	149579
31.26732673267327	33173
40.46534653465346	2252227
33.20792079207921	49273
38.504950495049506	178720
35.0	67345
34.67326732673267	63726
38.92079207920792	222484
36.7029702970297	96970
40.51485148514851	618603
40.43564356435643	1106617
31.217821782178216	32951
35.12871287128713	69698
38.722772277227726	198532
37.7029702970297	129342
37.336633663366335	115390
36.742574257425744	98007
35.48514851485149	74436
25.97029702970297	7315
31.821782178217823	36852
34.89108910891089	65886
37.475247524752476	120079
37.445544554455445	119319
39.10891089108911	248337
37.16831683168317	109712
40.475247524752476	990201
39.35643564356435	303310
32.98019801980198	47008
39.53465346534654	351141
30.22772277227723	26480
34.99009900990099	68118
32.118811881188115	39328
34.524752475247524	62667
33.45544554455446	52648
33.97029702970297	56778
39.32673267326733	292134
29.445544554455445	21429
39.0990099009901	246415
37.54455445544554	122343
37.73267326732673	131167
37.37623762376238	117162
36.83168316831683	100553
38.386138613861384	169034
38.84158415841584	213827
38.20792079207921	156353
38.24752475247525	159424
36.663366336633665	96006
37.56435643564357	123647
36.9009900990099	101863
37.71287128712871	129941
38.495049504950494	178395
38.48514851485149	176351
37.633663366336634	126279
38.82178217821782	209045
38.475247524752476	176035
38.198019801980195	155779
38.613861386138616	188667
32.06930693069307	39165
36.336633663366335	88983
36.18811881188119	86252
26.792079207920793	9842
35.227722772277225	70529
38.04950495049505	146702
27.77227722772277	13593
32.83168316831683	45528
37.59405940594059	124775
36.12871287128713	84967
32.82178217821782	45279
38.73267326732673	200439
39.9009900990099	541261
29.277227722772277	20699
34.75247524752475	64450
38.87128712871287	215404
36.475247524752476	91871
36.76237623762376	98582
32.93069306930693	46140
26.683168316831683	9341
38.366336633663366	166978
39.42574257425743	316534
36.57425742574257	94096
37.15841584158416	109920
29.366336633663366	21216
37.742574257425744	130486
36.98019801980198	104728
36.45544554455446	91657
28.831683168316832	18091
32.693069306930695	43917
36.53465346534654	93112
33.554455445544555	55385
30.04950495049505	25330
38.02970297029703	144942
34.46534653465346	61528
37.24752475247525	111628
34.693069306930695	64294
39.45544554455446	328579
32.97029702970297	46781
23.356435643564357	1762
38.23762376237624	158065
34.56435643564357	62609
33.504950495049506	54133
33.17821782178218	48843
39.227722772277225	272838
37.46534653465346	120251
33.742574257425744	54840
39.13861386138614	254287
35.16831683168317	70190
33.91089108910891	57656
22.88118811881188	1277
37.10891089108911	107840
38.277227722772274	161137
36.17821782178218	86200
31.287128712871286	33331
37.504950495049506	121540
36.554455445544555	93656
37.415841584158414	118570
39.40594059405941	316982
38.801980198019805	208951
35.02970297029703	67832
38.43564356435643	172237
33.366336633663366	50986
31.18811881188119	32647
36.40594059405941	90486
39.633663366336634	403331
37.603960396039604	124882
35.663366336633665	77117
38.603960396039604	188098
34.336633663366335	60433
31.77227722772277	36768
38.10891089108911	150438
37.148514851485146	109230
33.34653465346535	50002
38.18811881188119	155536
31.574257425742573	35409
38.554455445544555	183080
37.40594059405941	118241
37.32673267326733	114481
40.37623762376238	2015295
37.693069306930695	128624
34.95049504950495	67067
40.366336633663366	1586741
29.900990099009903	24288
33.12871287128713	48349
36.48514851485149	92075
33.89108910891089	56289
23.91089108910891	2572
29.237623762376238	20452
34.32673267326733	60121
33.18811881188119	48693
35.198019801980195	69917
35.99009900990099	82431
32.21782178217822	40562
33.336633663366335	50088
25.00990099009901	4879
31.603960396039604	35738
29.584158415841586	22399
37.306930693069305	114353
31.346534653465348	33425
27.683168316831683	13207
28.940594059405942	19058
38.94059405940594	225684
34.98019801980198	67092
26.08910891089109	7707
35.34653465346535	72338
36.31683168316832	88770
33.00990099009901	47467
25.84158415841584	6893
34.02970297029703	57280
25.03960396039604	4940
33.84158415841584	55867
40.34653465346535	1077905
32.95049504950495	46808
30.366336633663366	27238
37.257425742574256	112807
39.83168316831683	499276
31.762376237623762	36892
33.26732673267327	50207
38.56435643564357	183368
29.198019801980198	20257
32.277227722772274	40640
31.97029702970297	38268
37.772277227722775	132137
30.92079207920792	30606
32.37623762376238	41212
30.485148514851485	27858
39.20792079207921	268427
31.900990099009903	38202
37.43564356435643	118764
38.13861386138614	152372
38.17821782178218	153937
32.366336633663366	41622
30.06930693069307	25462
35.62376237623762	76476
32.40594059405941	41773
23.792079207920793	2239
35.53465346534654	74638
38.53465346534654	181219
35.67326732673267	77244
37.04950495049505	106789
34.28712871287129	59751
32.48514851485149	42449
37.94059405940594	140261
32.722772277227726	44574
35.92079207920792	81430
27.861386138613863	13756
35.257425742574256	71084
34.31683168316832	59826
37.524752475247524	121879
33.633663366336634	53080
37.91089108910891	139370
31.08910891089109	31762
31.128712871287128	32038
33.05940594059406	47830
36.13861386138614	84978
30.346534653465348	27268
25.742574257425744	6675
32.32673267326733	41262
36.37623762376238	89839
28.613861386138613	17189
35.118811881188115	69448
38.0990099009901	149429
31.247524752475247	33272
37.76237623762376	131912
38.06930693069307	147890
37.396039603960396	117945
33.54455445544554	52465
34.039603960396036	57741
36.0	82206
37.07920792079208	107489
35.07920792079208	68561
33.198019801980195	48837
33.81188118811881	56830
32.34653465346535	41006
33.67326732673267	54334
36.118811881188115	84372
38.01980198019802	144996
34.15841584158416	59043
38.71287128712871	198455
21.405940594059405	413
32.71287128712871	44479
28.297029702970296	15869
30.514851485148515	27644
31.673267326732674	36142
39.148514851485146	254291
33.396039603960396	50685
34.78217821782178	65137
33.40594059405941	51619
34.81188118811881	64872
33.31683168316832	50212
26.742574257425744	9755
37.97029702970297	142496
36.039603960396036	83680
33.801980198019805	59510
38.45544554455446	175005
35.881188118811885	80488
27.673267326732674	12950
38.415841584158414	171437
31.207920792079207	32841
36.82178217821782	100593
33.118811881188115	48260
34.42574257425743	60855
36.00990099009901	82788
34.396039603960396	61891
38.28712871287129	161031
33.76237623762376	56104
37.67326732673267	127760
38.37623762376238	167763
39.17821782178218	263503
32.613861386138616	43809
36.693069306930695	96974
30.653465346534652	29299
31.81188118811881	37004
29.93069306930693	24301
33.06930693069307	48103
32.78217821782178	44840
36.851485148514854	100905
27.653465346534652	12774
27.306930693069308	11702
35.772277227722775	78566
27.574257425742573	12685
38.26732673267327	160072
37.65346534653465	127760
27.356435643564357	11642
30.405940594059405	27468
33.445544554455445	51296
38.97029702970297	228841
32.00990099009901	38581
35.42574257425743	73824
29.940594059405942	24629
34.65346534653465	63673
28.663366336633665	17323
33.08910891089109	47816
33.9009900990099	60467
36.524752475247524	93778
32.51485148514851	42394
36.23762376237624	86972
33.495049504950494	52076
27.693069306930692	13107
38.62376237623762	189241
36.93069306930693	102886
36.94059405940594	103093
32.386138613861384	41697
36.445544554455445	91546
36.73267326732673	98174
33.524752475247524	52712
30.633663366336634	28997
39.62376237623762	380657
36.613861386138616	95258
35.415841584158414	73074
33.722772277227726	54781
37.84158415841584	135847
36.91089108910891	102716
35.59405940594059	76338
27.73267326732673	13268
31.0	31406
30.73267326732673	29297
36.148514851485146	85731
32.26732673267327	40674
36.227722772277225	86957
35.722772277227726	78177
35.01980198019802	68081
33.64356435643565	53662
35.742574257425744	78784
26.93069306930693	10373
36.89108910891089	103156
30.85148514851485	30191
33.43564356435643	51336
38.15841584158416	152839
35.386138613861384	72609
32.2970297029703	40934
32.801980198019805	45134
36.87128712871287	101054
30.613861386138613	28985
30.97029702970297	30958
28.237623762376238	15676
35.82178217821782	79384
27.415841584158414	12199
35.40594059405941	73022
35.445544554455445	73574
33.386138613861384	50864
36.42574257425743	90858
31.752475247524753	36582
36.584158415841586	94494
34.9009900990099	66902
31.138613861386137	32432
30.95049504950495	31066
34.00990099009901	57823
34.16831683168317	58222
34.415841584158414	60908
36.06930693069307	83690
25.415841584158414	5694
31.722772277227723	36445
37.663366336633665	127885
32.524752475247524	42657
31.435643564356436	34334
29.712871287128714	23040
37.34653465346535	115501
34.0990099009901	61109
35.0990099009901	69251
32.16831683168317	39787
38.93069306930693	224553
38.05940594059406	147323
29.73267326732673	22977
38.46534653465346	175487
34.2970297029703	61503
28.11881188118812	15138
33.24752475247525	49767
36.772277227722775	98481
35.65346534653465	77506
35.495049504950494	74208
31.99009900990099	38542
36.92079207920792	102619
31.198019801980198	32724
36.32673267326733	88457
34.366336633663366	60429
36.801980198019805	99038
33.42574257425743	51476
31.316831683168317	33391
33.32673267326733	50434
29.81188118811881	23631
34.43564356435643	61322
28.554455445544555	16877
35.93069306930693	81242
31.683168316831683	36464
29.06930693069307	19551
36.56435643564357	93783
38.89108910891089	219874
33.01980198019802	47674
37.45544554455446	120181
28.396039603960396	16352
35.633663366336634	76924
26.06930693069307	7484
36.34653465346535	89331
34.306930693069305	60163
29.405940594059405	21362
32.04950495049505	38720
29.792079207920793	23564
34.881188118811885	66502
32.0990099009901	39320
30.356435643564357	27186
39.04950495049505	239183
37.366336633663366	116390
35.51485148514851	74847
31.91089108910891	38000
31.465346534653467	34686
34.40594059405941	60428
35.08910891089109	68867
37.227722772277225	111318
35.56435643564357	75784
31.10891089108911	32398
33.98019801980198	56447
37.48514851485149	120283
32.7029702970297	44259
34.663366336633665	63859
37.00990099009901	104994
27.544554455445546	12375
34.04950495049505	61010
38.59405940594059	186963
26.900990099009903	10370
32.475247524752476	42503
27.465346534653467	12189
27.792079207920793	13632
31.643564356435643	35488
36.26732673267327	87795
33.584158415841586	52526
29.07920792079208	19660
32.75247524752475	44928
33.53465346534654	52447
32.99009900990099	46924
31.89108910891089	37695
38.65346534653465	192345
27.445544554455445	12198
35.524752475247524	74813
34.386138613861384	60728
31.326732673267326	33455
30.247524752475247	26214
31.693069306930692	36592
36.603960396039604	95206
35.37623762376238	73110
27.04950495049505	10687
30.81188118811881	30230
32.57425742574257	43682
32.15841584158416	39883
32.13861386138614	39863
27.207920792079207	11167
34.73267326732673	64488
32.306930693069305	40871
35.603960396039604	76198
24.712871287128714	4155
30.07920792079208	25256
30.297029702970296	26852
27.702970297029704	13277
30.168316831683168	25862
32.91089108910891	46124
23.762376237623762	2386
34.584158415841586	62896
37.039603960396036	105654
29.26732673267327	20651
37.20792079207921	111305
33.02970297029703	47484
30.237623762376238	26321
35.64356435643565	76484
33.56435643564357	54214
37.2970297029703	113796
37.64356435643565	127407
26.257425742574256	8253
26.84158415841584	9829
36.78217821782178	99386
29.574257425742573	22407
31.396039603960396	34203
30.663366336633665	29042
29.14851485148515	19954
36.306930693069305	88590
34.475247524752476	61607
37.86138613861386	136829
30.495049504950494	28071
31.633663366336634	36035
35.35643564356435	72186
34.20792079207921	59387
26.435643564356436	8671
31.702970297029704	36188
30.534653465346533	28320
35.17821782178218	69969
29.326732673267326	20966
32.10891089108911	39410
37.851485148514854	135821
35.693069306930695	77646
30.84158415841584	30092
31.15841584158416	32499
27.514851485148515	12494
27.752475247524753	13436
30.326732673267326	27143
36.54455445544554	93447
31.00990099009901	31597
32.68316831683168	44199
33.227722772277225	49399
27.10891089108911	10930
31.237623762376238	32675
35.94059405940594	81558
32.53465346534654	43042
33.772277227722775	54943
35.78217821782178	79678
33.415841584158414	52203
30.10891089108911	25377
36.15841584158416	86001
32.28712871287129	40826
28.465346534653467	16608
36.277227722772274	87958
36.722772277227726	98135
25.693069306930692	6445
28.306930693069308	15876
33.07920792079208	47692
27.059405940594058	10958
33.613861386138616	54815
34.633663366336634	63183
32.76237623762376	44792
35.76237623762376	79040
25.346534653465348	5622
30.465346534653467	27669
30.198019801980198	26068
32.94059405940594	46653
29.475247524752476	21858
38.118811881188115	150243
33.86138613861386	56888
27.316831683168317	11603
38.0	143501
33.23762376237624	49332
28.77227722772277	18120
26.504950495049506	8913
35.89108910891089	81237
31.277227722772277	33235
35.801980198019805	78790
37.26732673267327	112954
32.415841584158414	41632
28.544554455445546	16983
23.287128712871286	1809
34.742574257425744	64475
37.881188118811885	137358
35.24752475247525	71165
34.53465346534654	62379
33.257425742574256	49755
32.742574257425744	44661
28.00990099009901	14522
25.257425742574256	5336
38.68316831683168	195038
36.20792079207921	86514
27.168316831683168	11168
33.15841584158416	48547
35.87128712871287	80487
35.05940594059406	68855
35.04950495049505	68215
32.84158415841584	45902
33.0	47106
27.0	10495
32.01980198019802	38802
30.138613861386137	25817
27.198019801980198	11247
34.7029702970297	63980
36.65346534653465	96450
30.00990099009901	24863
32.67326732673267	44331
26.336633663366335	8351
30.18811881188119	25978
26.26732673267327	8129
35.00990099009901	68042
32.79207920792079	45125
29.306930693069308	20919
28.584158415841586	17036
34.79207920792079	65281
32.64356435643565	43618
36.64356435643565	96198
25.722772277227723	6717
31.336633663366335	33691
27.613861386138613	12882
27.099009900990097	10908
38.12871287128713	151640
34.91089108910891	65963
25.92079207920792	7260
30.603960396039604	28905
34.48514851485149	61383
34.05940594059406	58443
30.584158415841586	28649
26.752475247524753	9710
33.16831683168317	49010
34.10891089108911	58962
31.14851485148515	32122
35.2970297029703	71563
25.77227722772277	6724
30.900990099009903	30854
29.861386138613863	24016
35.366336633663366	72520
32.07920792079208	39366
36.81188118811881	99897
34.495049504950494	61725
37.18811881188119	111100
36.68316831683168	96437
33.94059405940594	57085
28.99009900990099	19215
35.306930693069305	71580
34.18811881188119	59335
36.05940594059406	83858
31.376237623762375	33968
27.762376237623762	13292
34.59405940594059	63630
36.28712871287129	88162
24.88118811881188	4387
30.702970297029704	29471
38.00990099009901	144134
33.99009900990099	57303
30.257425742574256	26750
34.57425742574257	62303
30.306930693069308	26543
31.03960396039604	31514
37.0990099009901	107260
30.89108910891089	30652
35.21782178217822	70184
32.17821782178218	40346
29.782178217821784	23774
25.386138613861387	5635
16.396039603960396	6
31.93069306930693	38089
34.01980198019802	57234
31.178217821782177	32475
34.0	60493
24.574257425742573	3656
26.405940594059405	8565
29.77227722772277	23344
33.881188118811885	55436
26.663366336633665	9388
32.42574257425743	42223
28.900990099009903	18618
30.178217821782177	25992
28.128712871287128	15262
28.386138613861387	15999
26.99009900990099	10584
31.801980198019802	36895
28.26732673267327	15797
32.18811881188119	39914
24.425742574257427	3442
26.217821782178216	8079
28.871287128712872	18497
25.217821782178216	5277
27.287128712871286	11634
30.08910891089109	25337
34.851485148514854	65851
29.88118811881188	24021
27.336633663366335	11676
31.544554455445546	35374
34.51485148514851	61909
29.613861386138613	22726
34.24752475247525	61196
26.445544554455445	8436
30.594059405940595	28524
32.31683168316832	41215
36.62376237623762	95406
35.68316831683168	77143
31.534653465346533	35113
34.17821782178218	58238
37.801980198019805	133926
36.24752475247525	87535
33.277227722772274	49955
32.336633663366335	41202
29.10891089108911	19537
35.7029702970297	78040
31.059405940594058	31686
26.693069306930692	9360
26.95049504950495	10373
32.20792079207921	40521
31.742574257425744	36816
36.396039603960396	90444
28.821782178217823	18265
33.71287128712871	55896
29.97029702970297	24515
33.78217821782178	54502
28.96039603960396	19032
27.742574257425744	13318
26.356435643564357	8440
31.415841584158414	34070
33.46534653465346	52635
27.257425742574256	11355
32.46534653465346	42272
35.98019801980198	82123
28.97029702970297	19177
37.17821782178218	110255
33.82178217821782	55647
32.257425742574256	40661
35.475247524752476	74109
28.73267326732673	17899
35.277227722772274	71824
24.524752475247524	3542
28.673267326732674	17701
25.198019801980198	5235
30.722772277227723	29403
27.495049504950494	12348
32.445544554455445	41777
31.88118811881188	37729
28.504950495049506	16636
25.366336633663366	5448
28.356435643564357	16062
35.32673267326733	72237
25.207920792079207	5259
30.386138613861387	27059
30.415841584158414	27333
33.95049504950495	60430
28.85148514851485	18353
28.514851485148515	16863
26.366336633663366	8580
35.039603960396036	68366
33.79207920792079	55315
27.297029702970296	11848
29.257425742574256	20526
21.722772277227723	518
31.584158415841586	35536
23.475247524752476	1966
34.82178217821782	65888
36.257425742574256	86994
31.564356435643564	35294
24.96039603960396	4676
31.475247524752476	34771
32.554455445544555	43050
34.613861386138616	62915
25.85148514851485	6768
35.71287128712871	78182
28.099009900990097	14825
22.019801980198018	666
23.73267326732673	2179
26.92079207920792	10290
37.28712871287129	113648
34.26732673267327	59115
31.792079207920793	36908
33.039603960396036	47635
34.54455445544554	63378
28.653465346534652	17438
32.039603960396036	38804
29.247524752475247	20532
33.7029702970297	58003
30.821782178217823	30033
26.396039603960396	8427
34.34653465346535	62064
35.86138613861386	80306
26.81188118811881	9897
25.07920792079208	4896
30.207920792079207	26330
25.316831683168317	5509
37.83168316831683	135435
28.326732673267326	16124
30.683168316831683	29001
28.683168316831683	17620
28.277227722772277	15709
24.019801980198018	2779
27.02970297029703	10647
32.54455445544554	43082
31.257425742574256	33173
32.23762376237624	40474
28.22772277227723	15627
25.475247524752476	5966
29.178217821782177	20184
31.425742574257427	34417
33.68316831683168	53563
30.277227722772277	26582
29.742574257425744	23311
31.356435643564357	33990
26.326732673267326	8343
27.871287128712872	13954
37.53465346534654	122157
35.28712871287129	71307
32.663366336633665	44056
31.445544554455445	34416
29.653465346534652	22734
27.89108910891089	14127
31.554455445544555	35118
32.87128712871287	45997
32.0	38275
30.91089108910891	30568
29.128712871287128	19735
23.18811881188119	1605
34.94059405940594	66624
32.960396039603964	46846
30.88118811881188	30555
35.851485148514854	79799
34.71287128712871	63860
25.168316831683168	5107
26.495049504950494	8801
36.43564356435643	90591
28.198019801980198	15317
27.940594059405942	14343
26.15841584158416	7929
31.366336633663366	33869
29.04950495049505	19252
29.524752475247524	22300
30.396039603960396	27634
34.603960396039604	62678
29.297029702970296	20826
29.801980198019802	23650
32.198019801980195	40280
33.306930693069305	50353
27.485148514851485	12307
29.465346534653467	21590
29.534653465346533	22155
29.89108910891089	24379
35.504950495049506	74360
32.772277227722775	44756
23.207920792079207	1486
23.544554455445546	2040
35.9009900990099	81265
31.11881188118812	32251
32.148514851485146	39799
25.376237623762375	5636
37.960396039603964	141479
36.0990099009901	84704
33.21782178217822	49499
26.643564356435643	9407
34.801980198019805	65205
34.504950495049506	61498
30.15841584158416	25591
38.07920792079208	148863
26.534653465346533	8770
32.43564356435643	41761
31.524752475247524	35271
24.10891089108911	2788
34.07920792079208	57875
27.22772277227723	11278
34.12871287128713	58106
31.455445544554454	34336
31.495049504950494	34827
34.45544554455446	61270
31.019801980198018	31614
25.356435643564357	5603
27.534653465346533	12576
31.84158415841584	37412
34.06930693069307	57436
31.92079207920792	37841
27.85148514851485	14113
31.514851485148515	35021
26.277227722772277	8200
29.207920792079207	20269
24.099009900990097	2918
33.57425742574257	53129
32.396039603960396	41599
36.71287128712871	97382
27.178217821782177	11114
31.85148514851485	37152
28.336633663366335	16001
31.712871287128714	36592
24.801980198019802	4345
36.21782178217822	86591
30.673267326732674	28814
24.84158415841584	4337
27.801980198019802	13727
30.831683168316832	30057
30.980198019801982	31059
31.297029702970296	33182
33.04950495049505	47546
29.702970297029704	23021
29.455445544554454	21581
35.43564356435643	73820
27.81188118811881	13758
28.752475247524753	17846
34.83168316831683	65615
29.485148514851485	21795
32.603960396039604	43463
30.099009900990097	25382
31.653465346534652	36371
30.435643564356436	27400
29.019801980198018	19320
29.564356435643564	22335
31.980198019801982	38559
26.980198019801982	10318
34.87128712871287	65672
28.762376237623762	18010
32.227722772277225	40571
31.485148514851485	34601
33.2970297029703	49966
33.693069306930695	54273
30.26732673267327	26579
26.702970297029704	9537
33.75247524752475	58887
35.148514851485146	69930
32.504950495049506	43102
25.564356435643564	6261
28.574257425742573	16957
33.475247524752476	52174
35.13861386138614	69592
28.782178217821784	17947
28.257425742574256	15641
33.960396039603964	58203
32.05940594059406	39046
28.91089108910891	18637
28.801980198019802	18523
25.940594059405942	7088
34.198019801980195	61194
28.14851485148515	15057
34.76237623762376	64640
29.316831683168317	21221
29.138613861386137	20215
32.59405940594059	43678
26.722772277227723	9784
35.613861386138616	76333
25.128712871287128	4918
30.801980198019802	29991
28.742574257425744	17870
35.83168316831683	79369
27.900990099009903	13757
25.89108910891089	6903
31.099009900990097	32182
29.633663366336634	22552
35.79207920792079	78681
26.02970297029703	7392
28.03960396039604	14446
26.346534653465348	8361
28.623762376237625	17352
27.594059405940595	12759
34.722772277227726	64399
25.396039603960396	5679
28.722772277227723	17830
31.940594059405942	37733
26.821782178217823	9869
33.65346534653465	57067
23.702970297029704	2204
30.871287128712872	30160
30.623762376237625	28625
19.821782178217823	136
26.168316831683168	7995
32.92079207920792	46425
27.623762376237625	12814
31.02970297029703	31572
34.960396039603964	66760
29.762376237623762	23253
29.95049504950495	24467
32.35643564356435	41331
35.06930693069307	68513
30.019801980198018	25058
23.752475247524753	2304
30.504950495049506	28141
31.871287128712872	37332
25.88118811881188	7226
29.673267326732674	22897
28.455445544554454	16591
24.168316831683168	2991
29.96039603960396	24622
29.831683168316832	23843
26.11881188118812	7726
28.415841584158414	16692
26.623762376237625	9206
27.92079207920792	14347
29.386138613861387	21348
28.702970297029704	17537
27.396039603960396	12153
30.524752475247524	28025
26.138613861386137	7895
32.12871287128713	39740
31.831683168316832	37394
28.980198019801982	19163
28.564356435643564	16951
30.0	24545
28.059405940594058	14797
32.65346534653465	43853
27.663366336633665	13052
28.10891089108911	15045
29.91089108910891	24226
25.99009900990099	7464
33.93069306930693	55923
30.287128712871286	26578
29.821782178217823	23780
34.62376237623762	63395
31.861386138613863	37204
26.287128712871286	8041
34.118811881188115	57598
21.495049504950494	457
35.960396039603964	82841
32.86138613861386	45466
23.504950495049506	1896
26.03960396039604	7472
24.03960396039604	2705
27.346534653465348	11794
28.15841584158416	15300
32.81188118811881	45466
28.445544554455445	16361
25.26732673267327	5326
30.455445544554454	27656
29.168316831683168	19974
32.633663366336634	43812
23.346534653465348	1792
31.623762376237625	35770
27.366336633663366	11911
28.346534653465348	15981
29.495049504950494	21925
30.059405940594058	25020
25.326732673267326	5446
30.554455445544555	28707
29.08910891089109	19631
27.93069306930693	14198
28.594059405940595	17145
29.544554455445546	22228
28.07920792079208	14867
23.821782178217823	2422
30.11881188118812	25534
27.386138613861387	12023
24.81188118811881	4215
27.99009900990099	14211
27.504950495049506	12338
27.405940594059405	12057
22.584158415841586	1025
29.336633663366335	21197
26.77227722772277	9602
31.22772277227723	32853
29.683168316831683	23166
24.693069306930692	4075
28.95049504950495	18837
31.504950495049506	35254
33.35643564356435	51240
31.07920792079208	31891
26.475247524752476	8675
23.554455445544555	2026
29.871287128712872	23847
29.623762376237625	22854
25.465346534653467	5854
32.45544554455446	42736
30.940594059405942	30809
27.237623762376238	11333
29.980198019801982	24889
24.534653465346533	3653
27.643564356435643	12742
32.89108910891089	46167
31.782178217821784	37213
26.653465346534652	9431
24.544554455445546	3641
31.594059405940595	35946
24.178217821782177	2940
31.386138613861387	34083
28.89108910891089	18866
25.643564356435643	6424
24.831683168316832	4365
28.405940594059405	16365
30.316831683168317	26726
28.08910891089109	15171
31.73267326732673	36677
30.792079207920793	30277
24.366336633663366	3294
33.10891089108911	47743
27.633663366336634	12786
31.04950495049505	31642
28.18811881188119	15299
28.712871287128714	17953
29.643564356435643	22679
30.217821782178216	26487
25.495049504950494	6001
27.06930693069307	10634
29.396039603960396	21262
27.376237623762375	11953
27.14851485148515	10970
25.435643564356436	5836
26.85148514851485	9883
32.851485148514854	45423
33.87128712871287	55480
28.019801980198018	14600
28.435643564356436	16434
22.207920792079207	778
27.435643564356436	12237
28.92079207920792	18901
25.712871287128714	6494
28.366336633663366	16236
28.316831683168317	15672
30.376237623762375	27185
23.435643564356436	1892
24.405940594059405	3510
33.83168316831683	54741
26.801980198019802	9920
29.722772277227723	23181
33.13861386138614	48453
27.11881188118812	10988
29.99009900990099	25043
28.524752475247524	16831
34.772277227722775	64811
26.019801980198018	7356
27.603960396039604	12874
27.980198019801982	14287
30.742574257425744	29843
29.356435643564357	21232
26.00990099009901	7324
29.514851485148515	22037
32.24752475247525	40836
23.237623762376238	1693
31.95049504950495	38308
24.396039603960396	3480
30.475247524752476	27477
29.504950495049506	22124
28.792079207920793	18267
28.93069306930693	19151
30.03960396039604	24946
24.217821782178216	3120
25.277227722772277	5394
29.11881188118812	20027
28.425742574257427	16473
26.099009900990097	7603
28.207920792079207	15253
29.752475247524753	23279
25.633663366336634	6365
28.217821782178216	15478
25.554455445544555	6189
28.84158415841584	18246
27.03960396039604	10761
23.14851485148515	1540
23.04950495049505	1420
29.693069306930692	23283
29.663366336633665	22822
26.198019801980198	7974
27.554455445544555	12309
29.85148514851485	23788
22.326732673267326	800
30.02970297029703	24981
27.524752475247524	12443
26.306930693069308	8379
29.92079207920792	24570
27.584158415841586	12702
26.316831683168317	8278
24.26732673267327	3214
25.455445544554454	5906
22.940594059405942	1391
30.782178217821784	29727
24.752475247524753	4160
30.564356435643564	28220
26.871287128712872	9923
30.574257425742573	28253
26.22772277227723	8098
24.455445544554454	3646
31.168316831683168	32090
27.00990099009901	10578
29.22772277227723	20309
29.02970297029703	19365
24.059405940594058	2740
28.633663366336634	17455
29.059405940594058	19448
26.603960396039604	9315
33.603960396039604	56199
30.128712871287128	25598
25.702970297029704	6446
30.445544554455445	27386
28.178217821782177	15175
22.356435643564357	893
25.663366336633665	6302
23.722772277227723	2288
31.613861386138613	35201
25.06930693069307	4894
21.00990099009901	299
28.247524752475247	15224
27.782178217821784	13460
24.445544554455445	3616
25.594059405940595	6378
30.336633663366335	26937
26.712871287128714	9546
25.059405940594058	4927
18.762376237623762	44
25.14851485148515	5140
24.138613861386137	2952
27.84158415841584	13761
28.603960396039604	17118
24.594059405940595	3793
24.633663366336634	3805
30.643564356435643	28798
23.178217821782177	1544
23.15841584158416	1531
31.663366336633665	36083
30.693069306930692	29222
26.574257425742573	9001
24.722772277227723	4065
25.831683168316832	6881
28.138613861386137	14953
27.564356435643564	12561
24.900990099009903	4622
26.04950495049505	7464
29.415841584158414	21325
24.85148514851485	4399
25.485148514851485	5961
29.554455445544555	22317
27.18811881188119	11100
27.326732673267326	11896
27.95049504950495	14285
29.346534653465348	21184
28.693069306930692	17694
27.831683168316832	13582
28.88118811881188	18477
27.712871287128714	13314
23.603960396039604	2083
25.900990099009903	7028
28.495049504950494	16865
26.97029702970297	10638
29.425742574257427	21489
28.06930693069307	14661
27.88118811881188	14086
24.435643564356436	3497
26.673267326732674	9408
25.91089108910891	7164
30.99009900990099	31285
29.594059405940595	22436
27.07920792079208	10678
23.613861386138613	2123
22.712871287128714	1109
26.940594059405942	10527
27.277227722772277	11687
26.613861386138613	9384
27.97029702970297	14144
21.574257425742573	489
24.22772277227723	3063
26.376237623762375	8548
24.356435643564357	3365
26.18811881188119	7967
29.84158415841584	23875
30.544554455445546	28114
29.099009900990097	19664
25.861386138613863	6955
26.128712871287128	7760
32.881188118811885	45896
25.801980198019802	6683
24.11881188118812	2952
25.980198019801982	7263
24.702970297029704	4188
29.15841584158416	19903
29.603960396039604	22502
26.178217821782177	7890
24.336633663366335	3228
25.752475247524753	6633
27.08910891089109	10913
26.544554455445546	8901
20.534653465346533	196
20.940594059405942	293
24.316831683168317	3355
24.93069306930693	4510
23.92079207920792	2614
23.168316831683168	1521
28.04950495049505	14793
28.0	14440
27.821782178217823	13783
24.77227722772277	4240
30.96039603960396	31241
27.247524752475247	11336
23.97029702970297	2586
26.14851485148515	7809
24.742574257425744	4168
22.11881188118812	722
25.138613861386137	5125
27.722772277227723	13247
24.613861386138613	3924
25.18811881188119	5186
28.534653465346533	16909
21.762376237623762	526
24.663366336633665	4046
29.18811881188119	20287
27.475247524752476	12252
21.336633663366335	414
25.821782178217823	6863
25.306930693069308	5445
24.623762376237625	3854
31.306930693069308	33534
29.00990099009901	19302
24.06930693069307	2828
25.792079207920793	6804
26.07920792079208	7658
25.782178217821784	6821
26.554455445544555	8995
22.346534653465348	845
24.247524752475247	3182
29.0	19170
30.14851485148515	25876
26.89108910891089	10071
26.831683168316832	9983
24.861386138613863	4443
26.415841584158414	8705
25.178217821782177	5060
24.346534653465348	3305
22.900990099009903	1362
24.73267326732673	4180
23.128712871287128	1580
23.693069306930692	2177
26.594059405940595	9251
28.81188118811881	18300
23.861386138613863	2534
25.95049504950495	7133
25.871287128712872	6901
23.485148514851485	1889
24.554455445544555	3792
24.504950495049506	3719
26.485148514851485	8862
23.85148514851485	2454
25.584158415841586	6350
27.128712871287128	11019
26.455445544554454	8805
22.73267326732673	1109
22.099009900990097	743
26.0	7348
28.485148514851485	16710
23.673267326732674	2282
26.059405940594058	7520
28.861386138613863	18321
23.96039603960396	2636
25.653465346534652	6191
23.81188118811881	2437
24.514851485148515	3709
25.96039603960396	7264
22.475247524752476	927
26.96039603960396	10220
22.742574257425744	1196
20.782178217821784	243
27.96039603960396	14376
17.88118811881188	42
25.683168316831683	6628
20.821782178217823	220
20.613861386138613	189
27.425742574257427	12027
22.07920792079208	677
22.297029702970296	824
24.95049504950495	4603
27.019801980198018	10368
25.673267326732674	6359
23.633663366336634	2180
24.89108910891089	4436
24.287128712871286	3205
21.198019801980198	289
25.099009900990097	4962
25.762376237623762	6481
24.91089108910891	4559
23.940594059405942	2587
22.257425742574256	855
25.336633663366335	5488
19.02970297029703	106
24.306930693069308	3287
22.99009900990099	1373
27.91089108910891	13960
25.574257425742573	6054
22.603960396039604	1061
23.683168316831683	2139
21.623762376237625	488
22.77227722772277	1173
23.465346534653467	1769
23.900990099009903	2567
24.00990099009901	2717
21.702970297029704	537
25.445544554455445	5860
25.15841584158416	5186
24.643564356435643	4098
26.524752475247524	8883
25.0	4681
24.465346534653467	3463
24.15841584158416	2960
23.742574257425744	2189
23.95049504950495	2691
29.376237623762375	21237
21.871287128712872	596
22.178217821782177	696
23.277227722772277	1616
25.237623762376238	5338
28.02970297029703	14410
24.18811881188119	2928
27.26732673267327	11706
24.762376237623762	4200
25.11881188118812	4966
23.653465346534652	2114
25.524752475247524	5988
23.405940594059405	1842
24.04950495049505	2712
22.059405940594058	704
24.871287128712872	4374
23.217821782178216	1661
26.465346534653467	8742
26.247524752475247	8151
22.366336633663366	846
24.08910891089109	2847
22.18811881188119	740
22.14851485148515	716
26.91089108910891	10258
24.0	2666
24.603960396039604	3904
26.237623762376238	8021
24.495049504950494	3669
26.10891089108911	7606
22.89108910891089	1308
25.425742574257427	5704
21.0	294
23.831683168316832	2379
25.02970297029703	4804
23.514851485148515	1963
25.623762376237625	6264
22.455445544554454	927
26.514851485148515	8844
25.08910891089109	5035
23.524752475247524	1924
23.88118811881188	2451
22.752475247524753	1138
25.019801980198018	4741
24.386138613861387	3453
21.89108910891089	576
24.326732673267326	3303
26.762376237623762	9815
21.663366336633665	509
26.584158415841586	9047
22.04950495049505	686
22.405940594059405	872
24.653465346534652	4059
20.316831683168317	147
26.861386138613863	10126
22.594059405940595	1055
21.22772277227723	352
15.465346534653465	66
23.77227722772277	2367
24.782178217821784	4138
21.168316831683168	302
24.237623762376238	3132
26.73267326732673	9680
23.495049504950494	1893
21.396039603960396	390
26.564356435643564	8964
24.92079207920792	4518
25.287128712871286	5347
26.207920792079207	7912
25.534653465346533	6226
26.633663366336634	9154
23.03960396039604	1390
21.03960396039604	303
23.980198019801982	2681
24.980198019801982	4640
22.02970297029703	660
25.10891089108911	4977
21.376237623762375	409
23.425742574257427	1815
24.99009900990099	4667
25.04950495049505	4841
27.455445544554454	12253
20.396039603960396	194
15.415841584158416	49
19.594059405940595	58
20.495049504950494	206
23.099009900990097	1505
21.821782178217823	585
23.99009900990099	2649
26.88118811881188	10140
19.702970297029704	119
16.306930693069308	58
28.376237623762375	16316
25.613861386138613	6282
22.861386138613863	1243
23.10891089108911	1504
21.980198019801982	674
22.306930693069308	819
24.821782178217823	4454
25.73267326732673	6680
25.504950495049506	5981
22.485148514851485	956
24.792079207920793	4226
25.22772277227723	5303
22.980198019801982	1397
20.485148514851485	179
25.514851485148515	6010
23.93069306930693	2502
23.663366336633665	2186
24.97029702970297	4584
22.396039603960396	887
25.405940594059405	5746
23.247524752475247	1628
23.198019801980198	1611
24.415841584158414	3481
22.93069306930693	1296
24.485148514851485	3571
21.801980198019802	617
20.099009900990097	148
19.06930693069307	78
22.564356435643564	1039
22.10891089108911	681
24.376237623762375	3366
23.564356435643564	2061
25.93069306930693	7108
23.019801980198018	1353
22.821782178217823	1204
23.0	1454
22.633663366336634	1039
22.514851485148515	947
23.594059405940595	2031
24.683168316831683	3952
24.475247524752476	3573
21.940594059405942	586
23.326732673267326	1683
23.455445544554454	1913
24.940594059405942	4672
20.92079207920792	248
23.801980198019802	2378
23.445544554455445	1879
22.217821782178216	766
24.207920792079207	3049
21.455445544554454	466
22.85148514851485	1245
23.257425742574256	1625
23.26732673267327	1622
21.019801980198018	302
23.89108910891089	2482
20.564356435643564	204
24.128712871287128	2835
26.297029702970296	8155
23.02970297029703	1427
27.15841584158416	11057
20.99009900990099	278
21.18811881188119	355
22.465346534653467	910
23.584158415841586	2054
23.623762376237625	2168
21.861386138613863	597
23.415841584158414	1762
24.297029702970296	3227
22.415841584158414	859
25.544554455445546	6148
21.554455445544555	451
18.435643564356436	82
22.386138613861387	811
20.277227722772277	139
22.81188118811881	1249
20.237623762376238	156
13.584158415841584	36
22.524752475247524	949
17.594059405940595	92
20.504950495049506	207
19.603960396039604	102
19.752475247524753	128
20.85148514851485	244
23.316831683168317	1755
25.603960396039604	6205
22.801980198019802	1230
25.297029702970296	5528
21.287128712871286	387
23.84158415841584	2377
22.683168316831683	1098
22.0	651
23.07920792079208	1483
22.237623762376238	778
19.861386138613863	143
22.663366336633665	1108
23.386138613861387	1761
21.356435643564357	382
21.306930693069308	338
22.574257425742573	940
23.297029702970296	1727
25.247524752475247	5294
22.693069306930692	1128
21.10891089108911	297
23.06930693069307	1458
22.643564356435643	1083
20.91089108910891	249
22.504950495049506	1019
24.198019801980198	3125
20.712871287128714	190
21.84158415841584	567
23.574257425742573	2062
23.782178217821784	2350
22.336633663366335	856
20.128712871287128	94
20.287128712871286	149
22.26732673267327	785
13.782178217821782	36
21.831683168316832	551
22.544554455445546	984
22.277227722772277	772
22.831683168316832	1219
21.475247524752476	495
24.07920792079208	2824
23.336633663366335	1806
23.059405940594058	1408
22.425742574257427	885
21.900990099009903	641
21.257425742574256	334
20.386138613861387	175
21.297029702970296	348
23.08910891089109	1483
22.97029702970297	1325
23.534653465346533	1931
22.287128712871286	849
22.96039603960396	1285
21.544554455445546	386
23.306930693069308	1658
22.534653465346533	914
21.445544554455445	445
21.128712871287128	350
21.93069306930693	602
23.11881188118812	1573
23.22772277227723	1707
21.346534653465348	389
24.14851485148515	2911
18.673267326732674	82
24.564356435643564	3729
22.06930693069307	730
24.277227722772277	3167
22.84158415841584	1283
22.623762376237625	1063
21.96039603960396	621
19.306930693069308	81
24.673267326732674	3868
20.594059405940595	255
21.594059405940595	436
20.97029702970297	234
20.792079207920793	272
17.02970297029703	4
22.03960396039604	647
22.138613861386137	706
20.306930693069308	189
21.485148514851485	434
21.77227722772277	566
20.683168316831683	218
22.15841584158416	720
21.514851485148515	469
23.138613861386137	1554
20.722772277227723	187
21.91089108910891	644
23.643564356435643	2104
23.396039603960396	1806
22.435643564356436	868
22.702970297029704	1107
22.762376237623762	1142
21.059405940594058	301
19.653465346534652	108
23.712871287128714	2236
23.871287128712872	2542
22.91089108910891	1256
20.742574257425744	261
22.445544554455445	1017
21.524752475247524	429
21.207920792079207	359
24.257425742574256	3154
22.871287128712872	1242
17.0	85
13.98019801980198	51
21.653465346534652	490
20.00990099009901	142
22.168316831683168	743
21.15841584158416	344
21.95049504950495	660
22.92079207920792	1299
19.207920792079207	68
19.673267326732674	116
17.742574257425744	76
20.425742574257427	137
23.00990099009901	1411
16.534653465346533	1
23.366336633663366	1677
21.386138613861387	384
20.297029702970296	166
22.495049504950494	1007
20.475247524752476	154
20.801980198019802	253
20.81188118811881	253
20.445544554455445	194
18.613861386138613	33
22.198019801980198	807
22.95049504950495	1291
22.316831683168317	860
20.26732673267327	156
22.613861386138613	1033
22.792079207920793	1252
18.73267326732673	106
19.81188118811881	145
22.247524752475247	870
20.326732673267326	129
19.11881188118812	85
21.683168316831683	560
21.73267326732673	504
18.455445544554454	14
14.277227722772277	52
15.663366336633663	71
21.742574257425744	546
21.465346534653467	397
19.07920792079208	112
13.683168316831683	44
21.85148514851485	612
21.584158415841586	453
21.138613861386137	343
20.0	136
21.99009900990099	596
20.247524752475247	171
19.376237623762375	117
19.693069306930692	78
21.217821782178216	348
22.00990099009901	678
20.257425742574256	183
19.366336633663366	111
15.861386138613861	49
18.178217821782177	39
22.653465346534652	1107
15.069306930693068	54
19.742574257425744	95
16.405940594059405	68
14.772277227722773	68
21.277227722772277	393
21.92079207920792	655
19.22772277227723	97
13.435643564356436	36
13.881188118811881	40
21.247524752475247	365
18.138613861386137	92
21.237623762376238	388
21.752475247524753	584
20.980198019801982	298
20.138613861386137	146
24.02970297029703	2744
22.722772277227723	1112
22.782178217821784	1214
20.544554455445546	225
17.336633663366335	14
16.207920792079207	84
20.217821782178216	163
20.356435643564357	179
23.376237623762375	1803
18.96039603960396	49
20.03960396039604	120
19.277227722772277	106
17.84158415841584	91
14.227722772277227	47
21.11881188118812	302
21.712871287128714	483
22.22772277227723	766
20.752475247524753	270
20.663366336633665	213
19.712871287128714	141
19.95049504950495	148
20.415841584158414	171
15.811881188118813	58
19.504950495049506	106
21.81188118811881	567
20.900990099009903	248
21.693069306930692	479
21.07920792079208	312
17.198019801980198	89
21.603960396039604	492
20.554455445544555	211
18.92079207920792	63
20.673267326732674	182
20.346534653465348	210
21.564356435643564	487
21.326732673267326	389
20.653465346534652	221
22.673267326732674	1067
14.92079207920792	71
16.653465346534652	62
20.623762376237625	179
21.435643564356436	425
18.18811881188119	83
21.366336633663366	369
19.722772277227723	117
18.128712871287128	36
20.02970297029703	73
18.663366336633665	39
16.059405940594058	72
12.693069306930694	9
21.792079207920793	489
17.89108910891089	87
20.198019801980198	164
19.099009900990097	41
18.425742574257427	57
19.900990099009903	139
18.356435643564357	7
18.683168316831683	80
22.376237623762375	865
19.445544554455445	50
19.564356435643564	121
19.475247524752476	110
20.693069306930692	241
21.613861386138613	481
20.73267326732673	219
18.03960396039604	90
14.425742574257425	49
14.722772277227723	70
20.366336633663366	192
20.84158415841584	277
21.782178217821784	547
21.504950495049506	437
21.08910891089109	350
21.14851485148515	335
20.762376237623762	212
19.415841584158414	107
19.326732673267326	109
21.97029702970297	655
20.574257425742573	172
19.405940594059405	97
19.485148514851485	49
21.425742574257427	464
17.138613861386137	22
20.831683168316832	271
17.643564356435643	89
12.594059405940595	20
19.178217821782177	93
20.633663366336634	194
16.10891089108911	57
21.534653465346533	454
20.95049504950495	324
21.099009900990097	305
17.752475247524753	2
21.26732673267327	346
15.217821782178218	59
20.15841584158416	161
17.821782178217823	14
18.623762376237625	60
21.673267326732674	500
18.980198019801982	103
18.524752475247524	59
20.96039603960396	265
22.554455445544555	995
20.178217821782177	116
21.633663366336634	477
18.97029702970297	69
18.346534653465348	10
17.247524752475247	67
20.514851485148515	167
14.376237623762377	50
15.168316831683168	45
16.99009900990099	10
22.08910891089109	750
20.435643564356436	173
19.88118811881188	67
16.752475247524753	66
19.613861386138613	139
15.118811881188119	59
15.564356435643564	56
20.019801980198018	144
21.04950495049505	296
19.584158415841586	52
20.524752475247524	171
13.485148514851485	31
19.544554455445546	77
20.603960396039604	198
16.15841584158416	66
20.168316831683168	149
19.465346534653467	96
16.801980198019802	53
19.15841584158416	57
20.18811881188119	128
16.97029702970297	2
20.89108910891089	273
20.10891089108911	169
14.871287128712872	58
21.88118811881188	601
18.85148514851485	23
19.762376237623762	139
20.702970297029704	243
19.356435643564357	87
20.22772277227723	129
15.01980198019802	70
16.742574257425744	10
19.00990099009901	47
21.316831683168317	351
21.06930693069307	288
18.287128712871286	86
21.643564356435643	461
20.336633663366335	160
19.26732673267327	91
20.06930693069307	144
16.554455445544555	76
15.910891089108912	66
19.99009900990099	122
18.871287128712872	73
19.396039603960396	57
17.396039603960396	71
19.663366336633665	127
18.603960396039604	18
19.85148514851485	113
17.693069306930692	95
15.712871287128714	66
19.84158415841584	89
14.475247524752476	58
16.445544554455445	7
21.415841584158414	408
17.099009900990097	77
20.376237623762375	137
18.475247524752476	56
16.346534653465348	10
19.455445544554454	82
18.237623762376238	76
17.297029702970296	76
17.980198019801982	42
16.693069306930692	18
19.514851485148515	112
19.97029702970297	139
22.128712871287128	710
18.22772277227723	55
17.544554455445546	77
18.653465346534652	20
19.782178217821784	62
17.445544554455445	74
14.623762376237623	54
15.316831683168317	52
20.93069306930693	249
13.336633663366337	32
20.207920792079207	163
18.336633663366335	88
18.564356435643564	37
20.405940594059405	194
19.643564356435643	81
20.465346534653467	176
19.495049504950494	46
15.762376237623762	61
18.485148514851485	104
13.386138613861386	32
20.04950495049505	144
20.059405940594058	162
19.633663366336634	42
14.326732673267326	41
19.316831683168317	109
19.04950495049505	36
20.861386138613863	245
19.792079207920793	89
19.128712871287128	103
17.792079207920793	78
20.455445544554454	199
18.782178217821784	115
19.91089108910891	141
18.544554455445546	4
19.14851485148515	41
18.633663366336634	101
12.643564356435643	18
19.0	31
18.366336633663366	28
19.623762376237625	145
21.02970297029703	342
16.257425742574256	63
14.673267326732674	49
18.95049504950495	36
17.495049504950494	73
19.73267326732673	64
20.07920792079208	87
15.801980198019802	3
17.14851485148515	82
16.702970297029704	78
19.801980198019802	119
21.178217821782177	392
17.91089108910891	1
19.03960396039604	25
15.96039603960396	55
17.73267326732673	32
19.435643564356436	39
13.732673267326733	41
19.940594059405942	89
20.11881188118812	143
20.643564356435643	214
20.584158415841586	204
19.346534653465348	40
20.14851485148515	159
17.346534653465348	68
19.92079207920792	138
14.029702970297029	52
16.85148514851485	73
20.77227722772277	217
20.871287128712872	226
18.504950495049506	20
16.455445544554454	63
18.712871287128714	42
20.88118811881188	248
12.544554455445544	21
19.217821782178216	93
17.683168316831683	30
18.376237623762375	46
14.07920792079208	55
14.128712871287128	54
18.88118811881188	89
19.297029702970296	43
17.99009900990099	78
12.742574257425742	19
18.584158415841586	95
13.188118811881187	39
14.514851485148515	1
16.95049504950495	81
18.08910891089109	99
16.00990099009901	62
19.89108910891089	98
18.77227722772277	80
17.831683168316832	35
18.93069306930693	103
17.178217821782177	7
19.77227722772277	116
19.257425742574256	80
18.257425742574256	12
14.970297029702971	68
12.198019801980198	5
19.831683168316832	74
18.386138613861387	91
16.504950495049506	55
18.02970297029703	38
17.534653465346533	29
18.534653465346533	102
19.168316831683168	93
19.96039603960396	154
18.831683168316832	78
19.980198019801982	68
18.91089108910891	57
17.287128712871286	21
17.18811881188119	18
19.574257425742573	104
19.554455445544555	84
19.683168316831683	51
18.07920792079208	42
18.415841584158414	30
13.930693069306932	35
18.277227722772277	56
18.722772277227723	67
18.821782178217823	72
16.792079207920793	9
12.792079207920793	25
18.11881188118812	21
19.10891089108911	65
17.633663366336634	30
17.97029702970297	12
14.524752475247524	52
19.524752475247524	103
13.831683168316832	45
15.514851485148515	58
16.940594059405942	12
19.059405940594058	75
18.326732673267326	52
18.00990099009901	12
17.92079207920792	17
12.990099009900991	28
14.574257425742575	45
19.386138613861387	30
14.178217821782178	36
18.752475247524753	26
16.356435643564357	55
17.782178217821784	28
18.742574257425744	20
19.198019801980198	45
16.92079207920792	1
18.445544554455445	6
17.04950495049505	61
13.534653465346535	37
17.217821782178216	3
13.089108910891088	35
15.613861386138614	62
14.821782178217822	46
18.495049504950494	8
19.287128712871286	39
18.574257425742573	69
20.08910891089109	105
19.019801980198018	76
17.613861386138613	8
15.267326732673267	63
13.633663366336634	52
16.980198019801982	6
16.425742574257427	1
12.891089108910892	21
19.93069306930693	81
17.940594059405942	87
18.04950495049505	6
16.900990099009903	57
17.712871287128714	8
19.871287128712872	112
15.584158415841584	1
18.89108910891089	13
16.73267326732673	1
18.217821782178216	28
18.168316831683168	19
17.425742574257427	10
19.425742574257427	112
18.316831683168317	29
13.237623762376238	27
18.14851485148515	8
16.603960396039604	67
19.534653465346533	42
18.019801980198018	19
17.485148514851485	30
17.85148514851485	3
19.247524752475247	41
19.08910891089109	20
18.207920792079207	16
16.663366336633665	1
17.93069306930693	35
17.237623762376238	23
18.554455445544555	18
17.03960396039604	11
15.603960396039604	2
17.96039603960396	8
19.138613861386137	25
16.247524752475247	9
15.752475247524753	7
12.346534653465346	10
16.84158415841584	13
14.712871287128714	1
18.900990099009903	30
19.18811881188119	36
17.722772277227723	17
18.465346534653467	23
40.742574257425744	36
17.762376237623762	3
13.138613861386139	31
17.455445544554454	2
18.940594059405942	23
17.584158415841586	22
18.514851485148515	29
15.158415841584159	2
18.861386138613863	52
18.801980198019802	18
17.08910891089109	23
12.148514851485148	8
15.366336633663366	52
19.336633663366335	35
18.594059405940595	10
18.81188118811881	44
18.702970297029704	17
17.277227722772277	5
16.594059405940595	8
18.059405940594058	6
17.07920792079208	5
18.643564356435643	10
15.05940594059406	1
12.297029702970297	13
17.673267326732674	15
13.03960396039604	27
17.465346534653467	1
17.415841584158414	3
17.22772277227723	7
18.247524752475247	7
13.287128712871286	22
18.10891089108911	6
18.06930693069307	13
17.257425742574256	2
16.14851485148515	10
12.841584158415841	21
18.792079207920793	19
18.405940594059405	18
17.77227722772277	12
12.94059405940594	19
17.435643564356436	25
18.693069306930692	8
19.237623762376238	25
16.04950495049505	1
17.386138613861387	18
17.871287128712872	19
17.326732673267326	3
15.504950495049505	2
12.495049504950495	8
18.84158415841584	13
15.405940594059405	3
16.683168316831683	2
12.396039603960396	10
17.574257425742573	14
15.900990099009901	5
15.257425742574258	2
16.88118811881188	5
18.99009900990099	12
18.26732673267327	29
16.544554455445546	10
15.554455445544555	5
17.663366336633665	3
16.0	4
16.099009900990097	7
18.099009900990097	6
16.89108910891089	12
15.653465346534654	1
18.306930693069308	12
16.643564356435643	5
18.198019801980198	4
17.128712871287128	4
16.237623762376238	2
15.950495049504951	2
17.475247524752476	8
16.386138613861387	2
17.405940594059405	4
17.15841584158416	1
16.485148514851485	1
12.0	4
13.92079207920792	1
18.15841584158416	12
16.297029702970296	4
16.366336633663366	1
18.396039603960396	7
16.198019801980198	6
17.06930693069307	4
12.445544554455445	6
16.495049504950494	4
16.08910891089109	1
12.247524752475247	7
16.782178217821784	4
17.306930693069308	1
17.861386138613863	11
17.81188118811881	4
17.356435643564357	1
17.376237623762375	4
16.633663366336634	1
16.287128712871286	1
17.207920792079207	2
15.94059405940594	2
14.267326732673267	1
16.524752475247524	1
17.316831683168317	2
16.326732673267326	2
14.554455445544555	1
16.376237623762375	1
16.18811881188119	3
17.603960396039604	3
17.524752475247524	9
16.435643564356436	1
17.623762376237625	6
17.11881188118812	1
13.227722772277227	1
16.217821782178216	1
14.861386138613861	2
14.910891089108912	2
17.801980198019802	1
15.346534653465346	1
17.564356435643564	3
15.891089108910892	1
16.831683168316832	2
17.00990099009901	1
15.356435643564357	3
15.207920792079207	2
16.93069306930693	3
17.059405940594058	1
15.455445544554456	2
15.485148514851485	1
16.821782178217823	1
17.168316831683168	1
15.306930693069306	1
15.009900990099009	1
15.643564356435643	1
14.96039603960396	1
17.26732673267327	2
14.168316831683168	1
16.77227722772277	1
16.584158415841586	1
17.366336633663366	1
17.514851485148515	3
17.95049504950495	1
18.0	1
18.297029702970296	1
15.792079207920793	1
17.554455445544555	1
17.653465346534652	2
17.900990099009903	2
40.67326732673267	3
40.59405940594059	1
16.623762376237625	1
16.138613861386137	1
17.702970297029704	1
15.990099009900991	1
15.693069306930694	1
15.396039603960396	1
